summoner,matchId,champion,gameTime,win,kills,deaths,assists,KDA_ratio,gold_earned,CS_total,CS_per_min,G_per_min,XP_per_min,Vision_total,Vision_per_min,Damage_to_Champions,Damage_per_min,Damage_Taken,Damage_per_Gold,Kill_Participation_%,CS_0_15,Gold_0_15,XP_0_15,CS_per_min_0_15,Gold_per_min_0_15,XP_per_min_0_15,LaneDiff_CS_0_15,LaneDiff_Gold_0_15,LaneDiff_XP_0_15,LaneDiff_CS_End,LaneDiff_Gold_End,LaneDiff_XP_End
kiin#KR1,KR_7858237566,Rumble,29:27,False,4,5,8,2.4,11740,247,8.39,398.6,535.4,20,0.68,33507,1137.8,27734,2.854,66.7,145,5696,8614,9.67,379.7,574.3,22,1642,1371,-6,-2673,-2754
kiin#KR1,KR_7858135505,Ambessa,28:32,False,2,7,2,0.57,11374,218,7.64,398.6,473.4,14,0.49,15453,541.6,27662,1.359,28.6,119,4839,6596,7.93,322.6,439.7,7,25,-737,-74,-3701,-6299
kiin#KR1,KR_7858039791,Jayce,15:23,True,3,2,3,3.0,7045,139,9.04,458.0,485.1,8,0.52,11670,758.6,7039,1.656,31.6,135,6369,7257,9.0,424.6,483.8,30,2081,-215,34,2210,-9
kiin#KR1,KR_7825575593,Udyr,24:21,False,1,5,4,1.0,9014,191,7.84,370.2,554.7,13,0.53,15917,653.7,33082,1.766,29.4,122,5118,8012,8.13,341.2,534.1,25,461,1073,16,-659,856
kiin#KR1,KR_7825463188,Aurora,31:31,True,11,2,10,10.5,15993,252,8.0,507.4,604.3,24,0.76,33940,1076.9,25771,2.122,56.8,159,7775,9144,10.6,518.3,609.6,0,2390,313,-34,3397,776
kiin#KR1,KR_7825366375,Braum,21:01,True,1,4,26,6.75,7432,25,1.19,353.6,374.7,52,2.47,8411,400.2,21753,1.132,73.0,24,4296,4261,1.6,286.4,284.1,12,264,-126,12,1467,1649
kiin#KR1,KR_7825249759,RekSai,16:05,False,0,2,2,1.0,5803,129,8.02,360.8,487.5,12,0.75,10882,676.6,22630,1.875,25.0,115,4863,7172,7.67,324.2,478.1,-6,-180,-597,-3,-147,-717
kiin#KR1,KR_7823975973,Ambessa,30:24,True,5,4,8,3.25,13689,245,8.06,450.3,581.1,16,0.53,45513,1497.1,36905,3.325,41.9,137,5063,7798,9.13,337.5,519.9,27,189,1352,-20,595,2463
kiin#KR1,KR_7823928988,Alistar,27:03,False,1,8,11,1.5,6741,20,0.74,249.2,297.2,65,2.4,8117,300.1,32348,1.204,57.1,16,2860,4022,1.07,190.7,268.1,2,-118,411,-2,-488,-2240
kiin#KR1,KR_7823895747,Orianna,15:13,False,1,5,0,0.2,4829,116,7.62,317.3,442.7,8,0.53,8361,549.5,13405,1.731,25.0,111,4219,6522,7.4,281.3,434.8,-28,-3186,-1452,-23,-3103,-1297
kiin#KR1,KR_7823834435,Ambessa,20:02,True,6,0,5,11.0,10081,195,9.73,503.2,644.4,9,0.45,20619,1029.2,13751,2.045,61.1,147,6359,9181,9.8,423.9,612.1,44,2331,2533,61,4275,4002
kiin#KR1,KR_7823722104,Aurora,31:36,True,8,2,10,9.0,14634,249,7.88,463.1,609.5,44,1.39,41507,1313.5,26564,2.836,54.5,126,5930,8069,8.4,395.3,537.9,54,2844,2162,55,4931,5063
kiin#KR1,KR_7816298600,Maokai,31:49,False,2,9,22,2.67,9774,38,1.19,307.2,353.1,94,2.95,22124,695.4,39836,2.264,80.0,16,3954,3931,1.07,263.6,262.1,3,134,-538,6,30,-2349
kiin#KR1,KR_7816258188,Galio,20:26,True,3,0,3,6.0,9190,191,9.35,449.8,587.5,15,0.73,10726,524.9,11878,1.167,33.3,140,5273,7743,9.33,351.5,516.2,17,785,172,34,2141,2044
kiin#KR1,KR_7816188475,Gnar,39:35,False,7,5,9,3.2,18130,335,8.46,458.0,536.6,38,0.96,38796,980.1,47100,2.14,64.0,140,6535,8170,9.33,435.7,544.7,40,2453,1766,88,2949,-24
kiin#KR1,KR_7816152377,Ambessa,23:25,False,3,5,0,0.6,8621,164,7.0,368.2,480.0,13,0.56,19050,813.5,24767,2.21,27.3,103,4791,6982,6.87,319.4,465.5,-38,-805,-1496,-53,-1724,-3102
kiin#KR1,KR_7816115341,Sylas,16:59,False,1,3,4,1.67,6048,117,6.89,356.1,415.5,11,0.65,7406,436.1,20609,1.225,62.5,105,4951,6175,7.0,330.1,411.7,-9,-1141,-1102,-11,-2250,-1755
kiin#KR1,KR_7815524494,Ambessa,31:31,False,1,7,5,0.86,10238,227,7.2,324.8,447.5,25,0.79,24680,783.1,33233,2.411,26.1,112,4631,7246,7.47,308.7,483.1,-21,-261,-584,-15,-1853,-1643
kiin#KR1,KR_7815485067,Smolder,20:39,True,4,2,4,4.0,9784,187,9.06,473.8,556.7,19,0.92,16946,820.6,10615,1.732,25.8,149,6476,8090,9.93,431.7,539.3,60,2433,1741,49,3253,2283
kiin#KR1,KR_7815422943,Aurora,28:37,True,11,4,10,5.25,15257,221,7.72,533.2,624.2,27,0.94,45485,1589.5,31384,2.981,72.4,152,5669,8482,10.13,377.9,565.5,25,1206,666,36,6068,4319
kiin#KR1,KR_7815343525,Ryze,28:58,True,11,6,5,2.67,15964,249,8.6,551.1,654.8,12,0.41,38003,1312.0,25910,2.381,53.3,158,5267,8180,10.53,351.1,545.3,39,736,418,61,5455,4682
kiin#KR1,KR_7815277322,Ambessa,23:46,True,10,3,7,5.67,12584,205,8.63,529.5,651.6,16,0.67,39934,1680.3,24202,3.173,45.9,148,6500,8904,9.87,433.3,593.6,39,2356,2010,49,4322,3929
kiin#KR1,KR_7815202407,Vladimir,28:38,True,4,5,2,1.2,12541,266,9.29,438.0,650.4,25,0.87,20740,724.3,29471,1.654,16.2,125,4587,7239,8.33,305.8,482.6,13,-758,-747,64,1573,4592
kiin#KR1,KR_7815146337,Ambessa,19:50,True,5,1,1,6.0,9211,186,9.38,464.4,649.2,9,0.45,17567,885.7,13005,1.907,31.6,134,5316,8717,8.93,354.4,581.1,8,960,2009,-1,2311,2891
kiin#KR1,KR_7814355132,Sion,29:10,False,1,4,8,2.25,11191,274,9.39,383.7,582.2,20,0.69,29620,1015.5,50991,2.647,39.1,147,5174,8459,9.8,344.9,563.9,34,862,793,60,-1770,165
kiin#KR1,KR_7814320145,Jayce,29:04,True,7,4,10,4.25,15273,247,8.5,525.4,635.8,23,0.79,31712,1091.0,24615,2.076,47.2,128,5065,7725,8.53,337.7,515.0,21,-1073,109,90,2265,4087
kiin#KR1,KR_7814287860,Mordekaiser,22:47,True,7,2,6,6.5,11024,192,8.43,483.9,623.4,13,0.57,19295,846.9,23147,1.75,26.0,145,6041,8360,9.67,402.7,557.3,30,1657,1309,31,3522,3355
kiin#KR1,KR_7814244603,Ambessa,27:59,False,8,7,5,1.86,12621,222,7.93,451.0,528.5,14,0.5,32790,1171.8,30498,2.598,56.5,132,5631,7599,8.8,375.4,506.6,20,26,800,25,952,-1083
kiin#KR1,KR_7814198628,Ambessa,25:08,True,7,2,9,8.0,10548,177,7.04,419.7,548.8,13,0.52,29072,1156.7,29991,2.756,43.2,106,4270,7326,7.07,284.7,488.4,-22,-757,42,18,1494,2819
kiin#KR1,KR_7814140862,Ambessa,26:18,False,2,6,2,0.67,9646,175,6.65,366.8,426.4,15,0.57,26511,1008.0,27722,2.748,28.6,83,3632,5255,5.53,242.1,350.3,-40,-1591,-2026,-21,-1062,-3575
JUGKlNG#kr,KR_7858254806,Ziggs,21:31,True,4,3,8,4.0,10385,181,8.41,482.6,492.1,20,0.93,18399,855.1,10553,1.772,50.0,123,6451,5626,8.2,430.1,375.1,21,978,-217,23,913,1376
JUGKlNG#kr,KR_7858143793,JarvanIV,26:40,False,3,8,5,1.0,10810,158,5.92,405.4,421.6,41,1.54,14262,534.8,37932,1.319,40.0,106,5087,5859,7.07,339.1,390.6,-9,-2111,-1415,-58,-5063,-5059
JUGKlNG#kr,KR_7832577123,Naafiri,23:18,False,6,4,4,2.5,10555,159,6.82,453.0,518.2,22,0.94,17729,760.9,31733,1.68,71.4,117,6299,7191,7.8,419.9,479.4,-13,-179,-594,-75,-3925,-4927
JUGKlNG#kr,KR_7832386229,Ezreal,28:24,True,8,6,19,4.5,14098,213,7.5,496.4,594.4,19,0.67,32319,1138.0,26142,2.292,48.2,110,5272,5650,7.33,351.5,376.7,9,-769,56,-3,-448,2594
JUGKlNG#kr,KR_7825604121,Bard,15:34,True,2,0,8,10.0,5071,12,0.77,325.8,315.7,32,2.06,4850,311.6,7806,0.956,55.6,12,4143,4512,0.8,276.2,300.8,-10,927,972,-10,1267,1348
JUGKlNG#kr,KR_7825495284,Sylas,18:21,True,4,3,7,3.67,8409,117,6.38,458.3,481.5,15,0.82,10289,560.7,20220,1.224,50.0,88,5028,5956,5.87,335.2,397.1,-22,-558,-366,-13,1110,949
JUGKlNG#kr,KR_7825373136,Jhin,25:16,False,4,6,5,1.5,10604,198,7.84,419.7,432.5,17,0.67,15820,626.1,18307,1.492,50.0,125,5059,5802,8.33,337.3,386.8,-13,-1354,-1308,-35,-3831,-4631
JUGKlNG#kr,KR_7825268802,Jhin,30:51,False,4,5,13,3.4,13322,252,8.17,431.8,485.2,25,0.81,25794,836.1,24989,1.936,58.6,128,4948,6355,8.53,329.9,423.7,42,927,1772,37,1768,875
JUGKlNG#kr,KR_7823963287,Jhin,30:15,True,7,6,13,3.33,14850,223,7.37,490.9,547.8,22,0.73,27003,892.7,18040,1.818,62.5,99,4369,4651,6.6,291.3,310.1,-15,-1655,-1165,-31,-1738,1221
JUGKlNG#kr,KR_7823929324,Jhin,16:06,True,9,2,5,7.0,8993,134,8.32,558.6,517.6,16,0.99,16067,998.0,10752,1.787,53.8,132,7123,7194,8.8,474.9,479.6,36,1363,1753,36,2570,2832
JUGKlNG#kr,KR_7823859785,Ziggs,27:44,True,7,2,10,8.5,13155,221,7.97,474.3,559.0,28,1.01,48161,1736.6,14772,3.661,63.0,124,5723,7365,8.27,381.5,491.0,-4,775,1379,4,1705,3707
JUGKlNG#kr,KR_7823753895,Qiyana,18:36,True,14,0,0,14.0,11157,169,9.09,599.8,638.5,38,2.04,13840,744.1,17426,1.24,60.9,135,7142,8336,9.0,476.1,555.7,15,1873,1566,26,4388,3662
JUGKlNG#kr,KR_7818450733,Zed,31:36,True,3,5,19,4.4,12426,220,6.96,393.2,521.6,41,1.3,18466,584.4,38411,1.486,56.4,119,5149,6761,7.93,343.3,450.7,22,24,682,22,-271,1856
JUGKlNG#kr,KR_7818342467,JarvanIV,18:14,True,2,1,6,8.0,7252,139,7.62,397.7,458.3,35,1.92,5354,293.6,19119,0.738,72.7,111,5122,6012,7.4,341.5,400.8,10,162,71,21,962,1368
JUGKlNG#kr,KR_7816270930,Ziggs,16:12,True,4,1,4,8.0,6574,128,7.9,405.8,479.6,13,0.8,14554,898.4,7372,2.214,57.1,118,4850,6605,7.87,323.3,440.3,-1,-208,615,4,757,1326
JUGKlNG#kr,KR_7816210870,Qiyana,31:40,True,10,4,16,6.5,14871,237,7.48,469.6,572.9,75,2.37,29210,922.4,39343,1.964,63.4,117,5788,7035,7.8,385.9,469.0,14,749,1473,61,4721,5164
JUGKlNG#kr,KR_7816189058,Qiyana,15:29,True,11,1,5,16.0,8402,120,7.75,542.6,516.9,25,1.61,11373,734.5,12349,1.354,64.0,120,7456,7555,8.0,497.1,503.7,19,2572,1979,19,2895,2215
JUGKlNG#kr,KR_7816140167,Sylas,29:32,False,4,6,6,1.67,10609,188,6.37,359.2,467.1,23,0.78,13350,452.0,37415,1.258,58.8,111,5572,6562,7.4,371.5,437.5,-11,131,-390,-7,-2913,-1341
JUGKlNG#kr,KR_7816084161,Jhin,31:14,False,6,6,9,2.5,12225,228,7.3,391.4,441.2,29,0.93,28640,917.0,21551,2.343,71.4,116,5237,6030,7.73,349.1,402.0,-12,343,-220,-43,-2797,-2844
JUGKlNG#kr,KR_7815555919,Jhin,28:09,True,5,4,15,5.0,11694,224,7.96,415.4,550.8,24,0.85,17616,625.8,18110,1.506,66.7,124,4650,5814,8.27,310.0,387.6,18,637,662,14,1005,3383
JUGKlNG#kr,KR_7815507584,Qiyana,29:52,False,11,5,11,4.4,13886,216,7.23,464.9,507.6,57,1.91,32677,1094.1,34280,2.353,84.6,124,6422,6819,8.27,428.1,454.6,49,2164,1858,20,107,-2917
JUGKlNG#kr,KR_7815455272,Qiyana,22:47,True,8,4,4,3.0,11118,173,7.59,488.0,510.8,51,2.24,21154,928.5,27288,1.903,50.0,114,6043,6846,7.6,402.9,456.4,30,763,1115,52,1630,1849
JUGKlNG#kr,KR_7815407151,Rakan,22:09,False,0,7,3,0.43,5083,19,0.86,229.5,252.6,56,2.53,7437,335.8,18660,1.463,50.0,12,2959,3226,0.8,197.3,215.1,-2,-304,209,5,-499,-1382
JUGKlNG#kr,KR_7815356328,Leona,19:41,False,0,7,6,0.86,4914,18,0.91,249.7,266.9,59,3.0,5410,274.9,14162,1.101,75.0,12,3394,3688,0.8,226.3,245.9,-9,-837,-665,-4,-1920,-1794
JUGKlNG#kr,KR_7815277322,Leona,23:46,True,3,6,16,3.17,8064,44,1.85,339.3,375.1,81,3.41,11611,488.5,21523,1.44,51.4,25,4551,4205,1.67,303.4,280.3,2,1054,760,19,1508,1064
JUGKlNG#kr,KR_7815196919,Leona,22:56,False,0,6,8,1.33,5776,31,1.35,251.9,288.7,56,2.44,7002,305.3,20451,1.212,61.5,20,3309,4410,1.33,220.6,294.0,3,-222,670,10,-1016,-1448
JUGKlNG#kr,KR_7815146337,Naafiri,19:50,False,6,2,2,4.0,8950,138,6.96,451.3,446.5,20,1.01,12890,649.9,20942,1.44,100.0,106,5912,6111,7.07,394.1,407.4,-1,612,161,-12,411,-668
JUGKlNG#kr,KR_7814375881,Aurora,39:14,False,9,10,14,2.3,17484,247,6.3,445.6,538.6,52,1.33,50768,1294.0,46714,2.904,67.6,118,5251,7339,7.87,350.1,489.3,1,-185,-746,11,2600,1301
JUGKlNG#kr,KR_7814317801,Alistar,31:36,False,1,8,28,3.62,8535,18,0.57,270.1,350.7,117,3.7,15100,477.8,41879,1.769,82.9,10,3483,3447,0.67,232.2,229.8,1,446,319,-2,-1231,-1865
JUGKlNG#kr,KR_7814269792,Leona,21:52,True,6,6,18,4.0,8535,15,0.69,390.3,459.8,55,2.52,9856,450.7,21555,1.155,58.5,12,4713,4226,0.8,314.2,281.7,-6,1773,408,-5,2676,2613
그어살#KR1,KR_7392289112,Graves,19:04,True,4,1,1,5.0,8704,175,9.18,456.5,538.7,22,1.15,5054,265.1,13102,0.581,38.5,124,5204,6933,8.27,346.9,462.2,36,549,2027,71,2526,4330
그어살#KR1,KR_7297774265,Akali,27:29,False,3,7,4,1.0,9011,159,5.79,327.9,442.0,12,0.44,26406,960.8,33822,2.93,50.0,116,4439,6667,7.73,295.9,444.5,9,384,206,-62,-2569,-4405
그어살#KR1,KR_7297579658,Poppy,22:15,True,8,6,8,2.67,8562,23,1.03,384.8,369.1,63,2.83,15815,710.8,21071,1.847,53.3,18,5188,4364,1.2,345.9,290.9,4,1207,362,2,2006,1464
그어살#KR1,KR_7297558055,Poppy,18:32,True,6,1,11,17.0,7080,13,0.7,382.0,309.3,65,3.51,15438,833.0,12666,2.181,70.8,10,4814,4291,0.67,320.9,286.1,-6,1841,921,-5,3005,1150
허거덩#0303,KR_7858166916,Akali,35:32,False,8,6,5,2.17,16142,304,8.56,454.3,535.5,26,0.73,34274,964.6,37549,2.123,54.2,143,5834,7773,9.53,388.9,518.2,13,745,308,11,-656,-574
허거덩#0303,KR_7825557119,JarvanIV,31:27,True,8,1,20,28.0,17362,237,7.54,552.1,623.9,47,1.49,39635,1260.3,42936,2.283,84.8,100,4883,6134,6.67,325.5,408.9,-6,255,310,53,4291,6263
허거덩#0303,KR_7825448916,Viego,22:39,True,10,4,7,4.25,12000,200,8.83,529.8,638.2,25,1.1,22903,1011.2,27455,1.909,50.0,117,5946,7129,7.8,396.4,475.3,31,1906,897,86,4906,5434
허거덩#0303,KR_7825373136,Ryze,25:16,True,9,1,9,18.0,13911,253,10.01,550.6,695.9,31,1.23,28170,1114.9,18545,2.025,51.4,148,6118,8084,9.87,407.9,538.9,32,954,1562,43,3706,5864
허거덩#0303,KR_7825268802,Orianna,30:51,True,7,5,18,5.0,13774,238,7.71,446.5,634.6,22,0.71,41206,1335.7,31134,2.992,83.3,138,5414,8398,9.2,360.9,559.9,58,1644,1999,71,2679,5965
허거덩#0303,KR_7823909238,Ryze,38:46,True,11,7,11,3.14,20135,368,9.49,519.4,640.6,49,1.26,49125,1267.2,47317,2.44,53.7,131,5285,7407,8.73,352.3,493.8,9,525,371,131,4577,6178
허거덩#0303,KR_7823877005,Orianna,15:12,True,3,0,6,9.0,7268,143,9.41,478.2,534.3,10,0.66,14790,973.0,7142,2.035,45.0,142,6714,8122,9.47,447.6,541.5,28,2614,899,29,2644,899
허거덩#0303,KR_7823794909,Ryze,37:24,True,15,5,9,4.8,22993,394,10.53,614.8,744.2,38,1.02,47011,1257.0,48312,2.045,64.9,146,6338,8121,9.73,422.5,541.4,37,1264,1017,128,6730,9486
허거덩#0303,KR_7823727647,Aurora,27:30,False,12,5,6,3.6,12973,235,8.55,471.7,589.5,31,1.13,39290,1428.7,33448,3.029,69.2,133,6042,8153,8.87,402.8,543.5,42,1834,2280,42,1682,920
허거덩#0303,KR_7818363775,Orianna,36:13,True,12,9,15,3.0,18579,282,7.79,513.0,671.0,33,0.91,43296,1195.5,34169,2.33,73.0,123,5041,6990,8.2,336.1,466.0,-13,-1191,-282,13,3233,6504
허거덩#0303,KR_7816289938,Galio,18:33,True,5,2,3,4.0,7827,147,7.92,421.9,531.1,17,0.92,13458,725.5,17559,1.719,33.3,124,5590,7995,8.27,372.7,533.0,23,494,1354,23,1039,1667
허거덩#0303,KR_7816210870,Ryze,31:40,False,9,5,6,3.0,17054,303,9.57,538.5,625.7,37,1.17,35258,1113.4,35949,2.067,75.0,153,5490,7661,10.2,366.0,510.7,25,963,308,59,3623,1850
허거덩#0303,KR_7816189058,JarvanIV,15:29,False,2,4,2,1.0,5507,101,6.52,355.7,373.9,12,0.78,4915,317.4,17423,0.893,44.4,101,4884,5576,6.73,325.6,371.7,-19,-2572,-1979,-19,-2895,-2215
허거덩#0303,KR_7816138254,Ambessa,20:49,False,6,6,1,1.17,9278,168,8.07,445.7,520.1,13,0.62,20029,962.2,25187,2.159,70.0,113,6096,6860,7.53,406.4,457.3,0,151,-304,29,-152,590
허거덩#0303,KR_7816097013,Orianna,15:13,True,4,0,1,5.0,7554,161,10.58,496.4,549.6,7,0.46,14237,935.6,5662,1.885,41.7,161,7028,8303,10.73,468.5,553.5,51,3049,1511,51,3050,1571
허거덩#0303,KR_7815541026,Sion,31:22,False,4,8,11,1.88,13495,252,8.03,430.2,546.3,32,1.02,37141,1184.1,71091,2.752,53.6,134,6053,8049,8.93,403.5,536.6,44,1926,1461,41,715,-309
허거덩#0303,KR_7815465214,Akali,31:45,True,9,9,9,2.0,13099,186,5.86,412.6,515.7,26,0.82,23765,748.5,36774,1.814,51.4,99,5068,6772,6.6,337.9,451.5,-18,-1811,-1276,14,-380,1257
허거덩#0303,KR_7814236687,Orianna,41:42,True,12,6,12,4.0,22607,343,8.23,542.1,634.0,51,1.22,58403,1400.6,34095,2.583,68.6,144,5108,7797,9.6,340.5,519.8,24,868,265,81,6861,4502
허거덩#0303,KR_7814123315,Ambessa,21:41,False,2,6,1,0.5,7289,179,8.26,336.2,494.6,14,0.65,19755,911.1,23031,2.71,27.3,138,4725,7620,9.2,315.0,508.0,-2,-1284,-824,-10,-2394,-3077
허거덩#0303,KR_7813875450,Yasuo,15:15,True,3,1,3,6.0,7244,154,10.1,475.0,590.3,8,0.52,6468,424.1,13082,0.893,22.2,149,6563,8692,9.93,437.5,579.5,44,1891,2275,49,2041,2375
허거덩#0303,KR_7813757593,Sion,31:57,False,4,9,0,0.44,12609,284,8.89,394.6,559.7,33,1.03,26555,831.1,67202,2.106,14.8,139,4619,7792,9.27,307.9,519.5,35,421,821,67,-1610,1084
허거덩#0303,KR_7813710310,Olaf,26:29,False,5,7,2,1.0,12951,238,8.99,489.0,537.5,18,0.68,29199,1102.5,26850,2.255,43.8,138,6014,8270,9.2,400.9,551.3,46,2229,1847,61,2797,-1403
허거덩#0303,KR_7813634027,Orianna,31:04,True,13,4,11,6.0,20836,340,10.94,670.7,702.0,48,1.55,48020,1545.7,27471,2.305,66.7,149,7054,7572,9.93,470.3,504.8,55,2721,1140,152,8080,5695
허거덩#0303,KR_7812984392,Orianna,28:40,True,9,2,17,13.0,17852,270,9.42,622.7,699.1,34,1.19,54898,1915.0,20672,3.075,72.2,146,6070,7981,9.73,404.7,532.1,45,1859,1626,107,7845,7110
허거덩#0303,KR_7812934913,Galio,27:10,False,7,6,7,2.33,13595,250,9.2,500.4,590.8,20,0.74,29703,1093.4,27860,2.185,58.3,121,6546,7653,8.07,436.4,510.2,17,119,628,66,1091,611
허거덩#0303,KR_7812879159,Sion,24:19,True,3,1,6,9.0,10446,243,9.99,429.6,606.3,23,0.95,18769,771.9,28661,1.797,56.2,146,5336,8309,9.73,355.7,553.9,37,1104,1102,96,3157,3637
허거덩#0303,KR_7812799440,Orianna,31:34,True,10,3,14,8.0,16090,269,8.52,509.7,653.2,35,1.11,41741,1322.3,37687,2.594,75.0,147,5513,7818,9.8,367.5,521.2,41,1116,1966,46,2541,5338
허거덩#0303,KR_7812740905,Ambessa,20:24,True,2,4,4,1.5,7387,166,8.14,362.1,571.6,14,0.69,9717,476.3,16562,1.315,35.3,118,4590,7270,7.87,306.0,484.7,-21,-1504,-1022,-16,-1472,-332
허거덩#0303,KR_7812629270,Braum,27:02,False,4,9,15,2.11,8495,28,1.04,314.2,315.4,90,3.33,11963,442.5,33364,1.408,67.9,17,4028,2973,1.13,268.5,198.2,0,-1637,-992,-1,-4639,-3642
허거덩#0303,KR_7812576281,Orianna,19:22,True,12,2,4,8.0,11923,190,9.81,615.6,699.8,17,0.88,25855,1335.0,15240,2.168,66.7,137,7315,8380,9.13,487.7,558.7,56,2954,2543,81,5818,6062
귀찮게하지마#KR3,KR_7825599999,Sivir,29:09,False,6,8,12,2.25,13656,272,9.33,468.5,480.3,28,0.96,35398,1214.3,22145,2.592,60.0,130,6219,5933,8.67,414.6,395.5,45,844,447,73,-943,-1418
귀찮게하지마#KR3,KR_7825476357,Ziggs,29:23,False,6,8,4,1.25,13039,239,8.13,443.8,472.1,28,0.95,40684,1384.6,22196,3.12,40.0,129,4931,6193,8.6,328.7,412.9,24,16,705,19,174,-1492
귀찮게하지마#KR3,KR_7825376226,Braum,33:05,False,2,8,16,2.25,9051,29,0.88,273.6,295.7,117,3.54,14514,438.7,34470,1.604,69.2,20,3608,3751,1.33,240.5,250.1,-16,-717,-413,-35,-2568,-2603
귀찮게하지마#KR3,KR_7825269631,Ezreal,29:01,False,9,9,9,2.0,13125,225,7.75,452.3,460.8,24,0.83,44553,1535.4,31712,3.395,58.1,132,6424,7053,8.8,428.3,470.2,13,-1035,77,42,-2774,-2224
귀찮게하지마#KR3,KR_7824025774,Jinx,31:54,True,12,4,3,3.75,18666,355,11.13,585.1,481.6,40,1.25,45567,1428.4,17690,2.441,68.2,141,6138,5318,9.4,409.2,354.5,20,661,-724,60,3305,742
귀찮게하지마#KR3,KR_7824004492,Kaisa,18:34,True,7,2,3,5.0,10169,178,9.59,547.7,492.2,10,0.54,14650,789.0,11466,1.441,41.7,144,7454,7027,9.6,496.9,468.5,55,3830,2270,71,4787,2567
귀찮게하지마#KR3,KR_7823976236,Alistar,19:30,True,1,2,12,6.5,5802,22,1.13,297.5,304.5,44,2.26,4211,215.9,15818,0.726,72.2,19,3743,4029,1.27,249.5,268.6,2,717,307,4,1275,422
귀찮게하지마#KR3,KR_7818520565,Yunara,23:51,True,19,1,7,26.0,16634,236,9.9,697.4,647.5,10,0.42,48609,2038.1,24955,2.922,63.4,131,7173,7576,8.73,478.2,505.1,38,3520,2566,88,7576,5760
귀찮게하지마#KR3,KR_7818460053,Sivir,25:36,False,3,9,5,0.89,9561,198,7.73,373.5,483.5,17,0.66,17978,702.3,22664,1.88,44.4,114,5191,6250,7.6,346.1,416.7,-7,-1927,-902,-32,-5681,-2393
귀찮게하지마#KR3,KR_7818400681,Corki,18:51,True,4,1,2,6.0,8275,178,9.44,439.0,478.4,14,0.74,11777,624.8,10016,1.423,35.3,134,4574,5345,8.93,304.9,356.3,12,-88,-369,20,1357,1351
귀찮게하지마#KR3,KR_7818313672,Ezreal,28:06,False,5,5,5,2.0,12411,257,9.15,441.7,467.2,31,1.1,36648,1304.2,29325,2.953,50.0,145,5112,5777,9.67,340.8,385.1,35,826,738,61,1077,-181
귀찮게하지마#KR3,KR_7816363852,Corki,16:51,True,6,1,1,7.0,8967,154,9.14,532.2,413.1,12,0.71,15159,899.6,7249,1.691,46.7,137,7470,5951,9.13,498.0,396.7,59,3977,1310,63,4458,1315
귀찮게하지마#KR3,KR_7816284428,Kaisa,33:06,True,12,3,4,5.33,19803,350,10.57,598.3,596.7,31,0.94,41404,1250.9,21806,2.091,53.3,147,5890,6612,9.8,392.7,440.8,8,554,1296,72,5281,5064
귀찮게하지마#KR3,KR_7816232998,Lucian,23:54,False,3,6,5,1.33,10053,199,8.33,420.6,418.5,23,0.96,18105,757.5,16498,1.801,66.7,142,5439,5837,9.47,362.6,389.1,14,134,-268,-7,-2637,-3193
귀찮게하지마#KR3,KR_7816176169,Nautilus,25:05,False,1,8,8,1.12,6335,19,0.76,252.6,260.1,70,2.79,6249,249.1,21074,0.986,75.0,14,3451,3812,0.93,230.1,254.1,-4,-1346,-699,-7,-2575,-2620
귀찮게하지마#KR3,KR_7816138254,Ezreal,20:49,False,1,6,1,0.33,6766,171,8.21,325.0,455.5,16,0.77,16438,789.7,15018,2.43,20.0,124,4418,6595,8.27,294.5,439.7,-13,-2128,22,-35,-4905,-2078
귀찮게하지마#KR3,KR_7816083442,Kaisa,31:01,True,13,8,12,3.12,17113,277,8.93,551.7,578.0,34,1.1,32980,1063.3,26503,1.927,59.5,130,5846,5992,8.67,389.7,399.5,16,294,-190,32,2829,3081
귀찮게하지마#KR3,KR_7815563996,Sivir,20:33,True,9,5,13,4.4,11619,192,9.34,565.4,530.6,31,1.51,22869,1112.8,16693,1.968,64.7,133,7313,6873,8.87,487.5,458.2,25,1001,410,41,2647,1896
귀찮게하지마#KR3,KR_7815543206,Corki,25:33,False,7,8,5,1.5,14523,244,9.55,568.4,525.0,24,0.94,34026,1331.7,26394,2.343,60.0,133,5405,5732,8.87,360.3,382.1,1,-1014,-708,-3,-514,-1702
귀찮게하지마#KR3,KR_7815510162,Zeri,25:46,False,3,6,5,1.33,12084,248,9.62,469.0,425.9,37,1.44,21989,853.4,19510,1.82,66.7,132,4553,5347,8.8,303.5,356.5,19,-666,-382,38,285,-1506
귀찮게하지마#KR3,KR_7815470845,Xayah,15:30,True,4,2,5,4.5,8046,149,9.61,519.1,437.3,12,0.77,11635,750.6,8526,1.446,50.0,136,6887,6324,9.07,459.1,421.6,27,2192,423,40,2789,877
귀찮게하지마#KR3,KR_7815415484,Kaisa,33:13,True,15,3,5,6.67,22089,329,9.9,665.0,598.0,44,1.32,59107,1779.4,31794,2.676,62.5,147,5683,6309,9.8,378.9,420.6,35,1017,1154,64,9869,5370
귀찮게하지마#KR3,KR_7815345003,Ezreal,30:08,False,7,5,6,2.6,13474,248,8.23,447.1,478.2,17,0.56,30073,998.0,24572,2.232,56.5,120,5426,5571,8.0,361.7,371.4,7,605,332,27,-397,275
귀찮게하지마#KR3,KR_7815289703,Lucian,21:04,True,15,2,2,8.5,13751,193,9.16,652.7,539.1,18,0.85,31882,1513.4,14610,2.319,51.5,133,7624,7016,8.87,508.3,467.7,26,3428,1734,51,6744,3370
귀찮게하지마#KR3,KR_7814362816,Sivir,24:08,True,8,3,12,6.67,12557,242,10.03,520.3,578.8,24,0.99,27350,1133.3,18214,2.178,54.1,140,6472,6264,9.33,431.5,417.6,24,724,-89,58,2998,3531
귀찮게하지마#KR3,KR_7814333019,Corki,41:02,False,21,9,1,2.44,26140,367,8.94,637.0,535.7,32,0.78,70867,1727.1,42309,2.711,66.7,149,7678,8023,9.93,511.9,534.9,51,3781,2233,46,8032,-1474
귀찮게하지마#KR3,KR_7814134988,Ezreal,25:20,False,1,2,1,1.0,10066,238,9.39,397.3,425.2,26,1.03,23435,925.1,21381,2.328,15.4,147,5763,6477,9.8,384.2,431.8,37,1012,899,34,-1000,-1396
귀찮게하지마#KR3,KR_7813751915,Kaisa,28:09,True,18,5,9,5.4,17671,249,8.85,627.7,664.0,25,0.89,33192,1179.1,22568,1.878,57.4,117,6180,6138,7.8,412.0,409.2,15,728,50,73,6975,7278
귀찮게하지마#KR3,KR_7813716205,Lucian,27:44,False,8,7,5,1.86,13857,235,8.47,499.7,423.8,24,0.87,29156,1051.3,25279,2.104,72.2,137,7628,6575,9.13,508.5,438.3,34,2963,1549,-18,-1228,-4001
귀찮게하지마#KR3,KR_7813682988,Ziggs,15:17,False,1,7,0,0.14,5260,111,7.26,344.2,389.8,14,0.92,6177,404.2,10249,1.174,14.3,104,4523,5585,6.93,301.5,372.3,-28,-3685,-2124,-27,-3654,-2144
Duro#Gen,KR_7858254806,Rakan,21:31,False,2,9,7,1.0,5882,14,0.65,273.4,231.7,67,3.11,5042,234.3,20135,0.857,52.9,11,3954,3841,0.73,263.6,256.1,-14,23,314,-19,-879,-2413
Duro#Gen,KR_7858143793,Neeko,26:40,False,4,4,7,2.75,7776,29,1.09,291.6,309.0,79,2.96,16389,614.6,16899,2.108,55.0,15,4000,3858,1.0,266.7,257.2,1,-855,-450,-2,-1343,-2158
Duro#Gen,KR_7825575593,Elise,24:21,True,2,5,13,3.0,6898,13,0.53,283.3,309.0,84,3.45,12648,519.4,15515,1.834,48.4,5,3667,3651,0.33,244.5,243.4,-17,165,-363,-15,-471,-678
Duro#Gen,KR_7825463188,Elise,31:31,True,4,6,17,3.5,9379,24,0.76,297.6,357.2,116,3.68,13760,436.6,21365,1.467,56.8,14,4055,3335,0.93,270.3,222.3,-5,243,92,-7,-248,2709
Duro#Gen,KR_7825373136,Alistar,25:16,False,0,9,6,0.67,5842,17,0.67,231.2,267.2,83,3.28,5932,234.8,28621,1.015,33.3,11,3275,3871,0.73,218.3,258.1,4,142,824,5,-757,-1503
Duro#Gen,KR_7823989780,Jhin,31:58,False,11,7,5,2.29,15828,257,8.04,495.1,520.0,21,0.66,31439,983.5,30742,1.986,45.7,99,4821,5309,6.6,321.4,353.9,-36,-1430,-444,-35,-2385,659
Duro#Gen,KR_7823949024,Braum,24:25,True,1,4,10,2.75,6385,11,0.45,261.5,308.2,65,2.66,7598,311.2,19774,1.19,64.7,8,3274,3709,0.53,218.3,247.3,-11,-157,-404,-11,523,1565
Duro#Gen,KR_7823888249,Braum,26:50,False,3,7,11,2.0,7459,17,0.63,278.0,290.8,85,3.17,10281,383.1,24402,1.378,73.7,13,3764,3746,0.87,250.9,249.7,8,603,754,5,-58,-2774
Duro#Gen,KR_7823794909,Alistar,37:24,False,1,10,14,1.5,9408,18,0.48,251.6,327.0,138,3.69,11148,298.1,40904,1.185,60.0,9,3921,3346,0.6,261.4,223.1,-3,103,-116,-10,-1151,-2732
Duro#Gen,KR_7818572293,Alistar,27:36,True,1,7,28,4.14,8877,18,0.65,321.6,420.6,92,3.33,10497,380.3,30490,1.182,72.5,13,4236,3749,0.87,282.4,249.9,-7,-546,-362,-14,433,3650
Duro#Gen,KR_7818504744,Leona,20:00,True,2,1,13,15.0,6448,14,0.7,322.4,332.6,43,2.15,7191,359.6,13802,1.115,75.0,11,4321,4256,0.73,288.1,283.7,-6,1460,1764,-5,1877,2685
Duro#Gen,KR_7818424119,Blitzcrank,15:37,True,0,2,6,3.0,4015,13,0.83,257.1,267.1,44,2.82,3923,251.2,6929,0.977,46.2,13,3248,3732,0.87,216.5,248.8,-6,210,226,-9,327,427
Duro#Gen,KR_7818324264,Smolder,28:49,True,5,5,11,3.2,12926,224,7.77,448.6,523.4,35,1.21,32077,1113.1,20609,2.482,43.2,106,4739,5560,7.07,315.9,370.7,-26,-1136,618,-53,-625,2949
Duro#Gen,KR_7816417225,Neeko,15:13,True,4,4,7,2.75,4919,9,0.59,323.3,270.7,22,1.45,7551,496.2,10547,1.535,44.0,9,4385,4059,0.6,292.3,270.6,1,-239,-188,1,-239,-128
Duro#Gen,KR_7816316157,Alistar,29:38,True,3,3,15,6.0,9165,22,0.74,309.3,376.4,100,3.37,6178,208.5,23202,0.674,78.3,17,3274,3558,1.13,218.3,237.2,-18,-192,-1811,-33,2171,1916
Duro#Gen,KR_7816258188,Alistar,20:26,False,1,4,4,1.25,4663,15,0.73,228.2,249.5,52,2.54,2759,135.0,13096,0.592,62.5,12,3163,3296,0.8,210.9,219.7,4,62,88,1,-936,-1791
Duro#Gen,KR_7816188475,Lulu,39:35,False,0,11,16,1.45,9667,17,0.43,244.2,367.0,123,3.11,10103,255.2,31106,1.045,64.0,13,3072,3841,0.87,204.8,256.1,-6,-1125,-914,-16,-2716,-802
Duro#Gen,KR_7816152377,Braum,23:25,False,1,10,7,0.8,6234,14,0.6,266.2,300.3,57,2.43,7844,335.0,22603,1.258,72.7,12,3468,3228,0.8,231.2,215.2,-8,-921,-944,-18,-2611,-2438
Duro#Gen,KR_7816095449,Neeko,27:03,True,3,2,18,10.5,9338,24,0.89,345.2,498.1,89,3.29,21242,785.3,17164,2.275,61.8,6,2901,3664,0.4,193.4,244.3,-16,13,-726,-6,2920,4783
Duro#Gen,KR_7815524494,Nautilus,31:31,True,0,2,19,9.5,8726,32,1.02,276.9,342.6,122,3.87,10672,338.6,19014,1.223,100.0,25,4047,3943,1.67,269.8,262.9,11,1155,867,13,1618,2686
Duro#Gen,KR_7815448579,Maokai,24:51,False,1,5,8,1.8,6237,26,1.05,251.0,257.8,89,3.58,11992,482.6,18884,1.923,64.3,19,3321,3364,1.27,221.4,224.3,-4,29,-1245,-5,-481,-1574
Duro#Gen,KR_7815407151,Alistar,22:09,True,0,1,16,16.0,5582,14,0.63,252.0,314.9,71,3.21,5928,267.6,13868,1.062,94.1,14,3263,3017,0.93,217.5,201.1,2,304,-209,-5,499,1382
Duro#Gen,KR_7815330504,Poppy,28:29,False,2,7,15,2.43,7578,22,0.77,266.1,345.7,83,2.91,14015,492.0,29035,1.849,73.9,14,3592,3940,0.93,239.5,262.7,-12,483,773,-15,-444,-403
Duro#Gen,KR_7815261478,Rell,21:01,True,1,5,13,2.8,5865,17,0.81,279.1,313.0,62,2.95,4532,215.6,13668,0.773,60.9,12,3564,3708,0.8,237.6,247.2,3,235,1205,-1,811,2000
Duro#Gen,KR_7815196919,Rell,22:56,True,2,6,14,2.67,6792,21,0.92,296.2,351.8,71,3.1,4890,213.2,16854,0.72,55.2,17,3531,3740,1.13,235.4,249.3,-3,222,-670,-10,1016,1448
Duro#Gen,KR_7815146337,Leona,19:50,False,0,5,6,1.2,4743,14,0.71,239.1,238.2,47,2.37,5391,271.8,12943,1.137,75.0,13,3094,3326,0.87,206.3,221.7,-3,-612,-68,-2,-944,-1153
Duro#Gen,KR_7814375881,Alistar,39:14,True,2,7,26,4.0,10842,33,0.84,276.3,380.1,148,3.77,12339,314.5,42359,1.138,66.7,20,3465,4147,1.33,231.0,276.5,-5,-222,-572,-1,108,876
Duro#Gen,KR_7814355132,Maokai,29:10,True,1,6,23,4.0,8277,21,0.72,283.8,402.5,82,2.81,12188,417.9,27846,1.473,66.7,14,3070,3631,0.93,204.7,242.1,0,-496,-546,1,456,2359
Duro#Gen,KR_7814282553,Rakan,30:05,False,1,5,17,3.6,8777,27,0.9,291.8,328.4,116,3.86,11220,373.0,25922,1.278,78.3,16,3192,3823,1.07,212.8,254.9,2,186,226,5,921,-721
Duro#Gen,KR_7814241745,Bard,16:05,False,0,6,3,0.5,3909,14,0.87,243.0,196.3,36,2.24,3841,238.8,13313,0.983,75.0,13,3228,2786,0.87,215.2,185.7,-10,-1825,-1516,-10,-2199,-1922
